{
    "rmse": 0.804224515283935,
    "mae": 0.6564374899915828,
    "r2": 0.010296446917484547
}